{
    "Train_accuracy_score": 0.8235294117647058,
    "Test_accuracy_score": 0.7777777777777778,
    "Test_precision_score": 0.6428571428571429,
    "Test_recall_score": 0.375,
    "Test_f1_score": 0.4736842105263159
}
